{
    "comment": "This file is used by CI to install dependencies packages",
    "notebookList": [
        {
            "stack": "cirq",
            "notebooks" : [
                "Cirq.ipynb"
            ]
        },
        {
            "stack": "none",
            "notebooks" : [
                "interoperations.ipynb"
            ]
        },
        {
            "stack": "openqasm",
            "notebooks" : [
                "Openqasm.ipynb"
            ]
        },
        {
            "stack": "projectq",
            "notebooks" : [
                "Projectq.ipynb"
            ]
        },
        {
            "stack": "pyquil",
            "notebooks" : [
                "Pyquil.ipynb"
            ]
        },
        {
            "stack": "qiskit",
            "notebooks" : [
                "Qiskit.ipynb",
                "using_qiskit_qpus.ipynb"
            ]
        }
    ]
}
